id;first_name;last_name;birth_date;gender;code_bi;code_nif;street_address;house_number;location_name;postal_code;main_email;land_phone_number;mobile_phone_number;occupation;preferred_language;username_in_o_auth_2;user_id_in_o_auth_2;extra_details;activation_status;avatar_img;avatar_img_content_type;type_of_person_id
1;Connie;Cole;2024-06-03;MALE;decriminalise franti;hm boo;philosopher veil onto;hastily knowingly cr;despite;ick extra;"<7@'%!]k*.oBZ";round plus now;gee;elegantly but ugh;often;gosh;inasmuch;../fake-data/blob/hipster.txt;ON_HOLD;../fake-data/blob/hipster.png;image/png;1
2;Piper;Trantow;2024-06-03;MALE;luminous;celebrated disclaime;tasty;kindheartedly howeve;mysterious;officiall;"6g)@Y.tO*.BRTw";where apostroph;while;with commentate;widge;randomization boo ack;furthermore whereas finally;../fake-data/blob/hipster.txt;INACTIVE;../fake-data/blob/hipster.png;image/png;2
3;Isabella;Jenkins;2024-06-03;FEMALE;well;furthermore trumpet ;meanwhile through wherever;across trusty;fooey following that;ample;"G,IE@n}ifPM.#";ew likewise tra;lest;turret uncommon;whoa ;provided zesty twilight;er swiftly that;../fake-data/blob/hipster.txt;INACTIVE;../fake-data/blob/hipster.png;image/png;3
4;Danika;Becker;2024-06-03;FEMALE;chart woot;eek naturally;brr that;on finally;gleefully permit consequently;midst;"C@=F.ok";but realistic h;blindly umpire;boo;unexp;biodegradable boohoo;verbally;../fake-data/blob/hipster.txt;BLOCKED;../fake-data/blob/hipster.png;image/png;4
5;Maida;Stiedemann;2024-06-02;OTHER;actuate pfft absent;the gracefully;as;above busy wisely;scented;but elude;"oo_d*@w5<:[T.OPX&";contingency ami;delete solemnly;conjure instead disgust;apud;oof;mollycoddle patrimony bulb;../fake-data/blob/hipster.txt;BLOCKED;../fake-data/blob/hipster.png;image/png;5
6;Brionna;Waelchi;2024-06-03;FEMALE;commonly woefully po;yet;rank hmph oh;before restfully obn;plump complete grill;but lazil;"fQd&@/b&.&=iA";competitor;fooey worth;mortally configure psychology;power;root;parboil;../fake-data/blob/hipster.txt;INACTIVE;../fake-data/blob/hipster.png;image/png;6
7;Susana;Nicolas;2024-06-03;FEMALE;adventurously broadl;fancy;broker valentine;dumbfound;once recapitulate aw;blend wea;"}@1#Hv.r";chocolate under;provided;rough;obedi;immortalize qua finally;encrypt extremely misname;../fake-data/blob/hipster.txt;BLOCKED;../fake-data/blob/hipster.png;image/png;7
8;Mercedes;Murphy;2024-06-03;OTHER;another actor;capital flex transcr;likewise;ack during;ick lest outlying;seeker;"P@lB'x*.)d5M";pulp playfully;despite qua con;query;essay;sharp if;provided;../fake-data/blob/hipster.txt;INACTIVE;../fake-data/blob/hipster.png;image/png;8
9;Reba;Douglas;2024-06-03;MALE;frizzy yuck toward;geez;vaguely fibrosis ample;irrigate spring abou;instinct;aside;"(ev@m8e.qtw3";by;quaintly limply;cabinet smelting awe;tickl;immediately;blow unlike whose;../fake-data/blob/hipster.txt;PENDENT;../fake-data/blob/hipster.png;image/png;9
10;Myrna;Harvey;2024-06-03;OTHER;counter;extinction;giggle;mock;the before;though so;"A|+m@ekv4Y.8R+4K/";brain stamen;gadzooks inquis;gadzooks;where;adventurously;opposite;../fake-data/blob/hipster.txt;ON_HOLD;../fake-data/blob/hipster.png;image/png;10
